prediction_id,cancer
10008_L,0.49373135
10008_R,0.49372
